Workbook

Sheet 대시보드
A1: 일본 IT 취업 목표 트래커 (형록 / 2026-07 ~ 2027-04)
A3: 핵심 목표
A4: 항목 | B4: 목표 | C4: 마감/기준일
A5: 다이어트 | B5: 체중 92kg → 75kg | C5: 2026-12-31
A6: 일본어 1차 | B6: JLPT N3 합격 | C6: 2026-12-06 (시험일)
A7: 일본어 2차 | B7: BJT 400점 이상 | C7: 2027년 3~4월 목표
A8: 부트캠프 | B8: 글로벌인 일본IT K-MOVE 과정 수료 | C8: 2026-10-29 ~ 2027-03-30
A9: 최종 목표 | B9: 일본 IT 기업 취업 (비자 취득) | C9: 2027년 내
A11: 설정값 (필요시 수정 가능 - 파란 글씨만 수정)
A12: 트래커 시작일 | B12: 46230
A13: 부트캠프 시작일 | B13: 46324
A14: 부트캠프 종료일 | B14: 46476
A15: JLPT 시험일 | B15: 46362
A16: 다이어트 목표일 | B16: 46387
A17: 시작 체중(kg) | B17: 92
A18: 목표 체중(kg) | B18: 75
A20: 진행 현황 (자동 계산)
A21: 오늘 날짜 | B21: =TODAY() -> 46229
A22: 경과 주차 | B22: =IF(TODAY()<$B$12,0,INT((TODAY()-$B$12)/7)+1) -> 0
A23: 현재 단계 | B23: =IF(TODAY()<$B$13,"1단계: 일본어 집중준비",IF(TODAY()<=$B$14,"2단계: 부트캠프 병행","3단계: BJT/취업 스퍼트")) -> 1단계: 일본어 집중준비
A24: 이번주 목표체중(kg) | B24: =IF(TODAY()<=$B$16,$B$17+($B$18-$B$17)*(TODAY()-$B$12)/($B$16-$B$12),$B$18) -> 92.10828
A25: 일본어 누적 달성일수(O) | B25: =COUNTIF(주간체크리스트!F5:L43,"O") -> 0
A26: 자바/부트캠프 누적 달성일수(O) | B26: =COUNTIF(주간체크리스트!M5:S43,"O") -> 0
A27: 운동 누적 달성일수(O) | B27: =COUNTIF(주간체크리스트!T5:Z43,"O") -> 0
A28: 체중 기록 횟수 | B28: =COUNTA(주간체크리스트!AD5:AD43) -> 0
A30: 사용법
A31: 1) '주간체크리스트' 시트에서 매일 최소 기준(일본어 30분 / 자바-부트캠프 30분 / 운동 10분)을 지킨 날에 해당 요일 칸에 'O'를 입력하세요.
A32: 2) 매주 한 번 체중을 재고 '실측 체중(kg)' 칸에 입력하세요. '목표체중' 칸과 비교하면 페이스를 알 수 있습니다.
A33: 3) 위 '설정값'의 파란 글씨 날짜/체중을 바꾸면 전체 시트가 자동으로 재계산됩니다.
A34: 4) 이 대시보드는 전체 누적 현황을 자동으로 보여줍니다. 매일 체크만 하면 됩니다.

Sheet 주간체크리스트
A1: 주간 체크리스트 - 매일 최소 기준을 지킨 날에 'O' 입력
A3: 주차 | B3: 시작일(월) | C3: 종료일(일) | D3: 단계 | E3: 목표체중(kg) | F3: 일본어 (최소 30분/일) | M3: 자바 · 부트캠프 (최소 30분/일) | T3: 운동 (최소 10분/일) | AA3: 일본어 달성일수 | AB3: 자바 달성일수 | AC3: 운동 달성일수 | AD3: 실측체중(kg) | AE3: 메모
F4: 월 | G4: 화 | H4: 수 | I4: 목 | J4: 금 | K4: 토 | L4: 일 | M4: 월 | N4: 화 | O4: 수 | P4: 목 | Q4: 금 | R4: 토 | S4: 일 | T4: 월 | U4: 화 | V4: 수 | W4: 목 | X4: 금 | Y4: 토 | Z4: 일
A5: 1 | B5: 46230 | C5: =B5+6 -> 46236 | D5: =IF(B5<대시보드!$B$13,"1단계: 일본어 집중준비",IF(B5<=대시보드!$B$14,"2단계: 부트캠프 병행","3단계: BJT/취업 스퍼트")) -> 1단계: 일본어 집중준비 | E5: =IF(B5<=대시보드!$B$16,대시보드!$B$17+(대시보드!$B$18-대시보드!$B$17)*(B5-대시보드!$B$12)/(대시보드!$B$16-대시보드!$B$12),대시보드!$B$18) -> 92 | AA5: =COUNTIF(F5:L5,"O") -> 0 | AB5: =COUNTIF(M5:S5,"O") -> 0 | AC5: =COUNTIF(T5:Z5,"O") -> 0
A6: 2 | B6: =B5+7 -> 46237 | C6: =B6+6 -> 46243 | D6: =IF(B6<대시보드!$B$13,"1단계: 일본어 집중준비",IF(B6<=대시보드!$B$14,"2단계: 부트캠프 병행","3단계: BJT/취업 스퍼트")) -> 1단계: 일본어 집중준비 | E6: =IF(B6<=대시보드!$B$16,대시보드!$B$17+(대시보드!$B$18-대시보드!$B$17)*(B6-대시보드!$B$12)/(대시보드!$B$16-대시보드!$B$12),대시보드!$B$18) -> 91.242038 | AA6: =COUNTIF(F6:L6,"O") -> 0 | AB6: =COUNTIF(M6:S6,"O") -> 0 | AC6: =COUNTIF(T6:Z6,"O") -> 0
A7: 3 | B7: =B6+7 -> 46244 | C7: =B7+6 -> 46250 | D7: =IF(B7<대시보드!$B$13,"1단계: 일본어 집중준비",IF(B7<=대시보드!$B$14,"2단계: 부트캠프 병행","3단계: BJT/취업 스퍼트")) -> 1단계: 일본어 집중준비 | E7: =IF(B7<=대시보드!$B$16,대시보드!$B$17+(대시보드!$B$18-대시보드!$B$17)*(B7-대시보드!$B$12)/(대시보드!$B$16-대시보드!$B$12),대시보드!$B$18) -> 90.484076 | AA7: =COUNTIF(F7:L7,"O") -> 0 | AB7: =COUNTIF(M7:S7,"O") -> 0 | AC7: =COUNTIF(T7:Z7,"O") -> 0
A8: 4 | B8: =B7+7 -> 46251 | C8: =B8+6 -> 46257 | D8: =IF(B8<대시보드!$B$13,"1단계: 일본어 집중준비",IF(B8<=대시보드!$B$14,"2단계: 부트캠프 병행","3단계: BJT/취업 스퍼트")) -> 1단계: 일본어 집중준비 | E8: =IF(B8<=대시보드!$B$16,대시보드!$B$17+(대시보드!$B$18-대시보드!$B$17)*(B8-대시보드!$B$12)/(대시보드!$B$16-대시보드!$B$12),대시보드!$B$18) -> 89.726115 | AA8: =COUNTIF(F8:L8,"O") -> 0 | AB8: =COUNTIF(M8:S8,"O") -> 0 | AC8: =COUNTIF(T8:Z8,"O") -> 0
A9: 5 | B9: =B8+7 -> 46258 | C9: =B9+6 -> 46264 | D9: =IF(B9<대시보드!$B$13,"1단계: 일본어 집중준비",IF(B9<=대시보드!$B$14,"2단계: 부트캠프 병행","3단계: BJT/취업 스퍼트")) -> 1단계: 일본어 집중준비 | E9: =IF(B9<=대시보드!$B$16,대시보드!$B$17+(대시보드!$B$18-대시보드!$B$17)*(B9-대시보드!$B$12)/(대시보드!$B$16-대시보드!$B$12),대시보드!$B$18) -> 88.968153 | AA9: =COUNTIF(F9:L9,"O") -> 0 | AB9: =COUNTIF(M9:S9,"O") -> 0 | AC9: =COUNTIF(T9:Z9,"O") -> 0
A10: 6 | B10: =B9+7 -> 46265 | C10: =B10+6 -> 46271 | D10: =IF(B10<대시보드!$B$13,"1단계: 일본어 집중준비",IF(B10<=대시보드!$B$14,"2단계: 부트캠프 병행","3단계: BJT/취업 스퍼트")) -> 1단계: 일본어 집중준비 | E10: =IF(B10<=대시보드!$B$16,대시보드!$B$17+(대시보드!$B$18-대시보드!$B$17)*(B10-대시보드!$B$12)/(대시보드!$B$16-대시보드!$B$12),대시보드!$B$18) -> 88.210191 | AA10: =COUNTIF(F10:L10,"O") -> 0 | AB10: =COUNTIF(M10:S10,"O") -> 0 | AC10: =COUNTIF(T10:Z10,"O") -> 0
A11: 7 | B11: =B10+7 -> 46272 | C11: =B11+6 -> 46278 | D11: =IF(B11<대시보드!$B$13,"1단계: 일본어 집중준비",IF(B11<=대시보드!$B$14,"2단계: 부트캠프 병행","3단계: BJT/취업 스퍼트")) -> 1단계: 일본어 집중준비 | E11: =IF(B11<=대시보드!$B$16,대시보드!$B$17+(대시보드!$B$18-대시보드!$B$17)*(B11-대시보드!$B$12)/(대시보드!$B$16-대시보드!$B$12),대시보드!$B$18) -> 87.452229 | AA11: =COUNTIF(F11:L11,"O") -> 0 | AB11: =COUNTIF(M11:S11,"O") -> 0 | AC11: =COUNTIF(T11:Z11,"O") -> 0
A12: 8 | B12: =B11+7 -> 46279 | C12: =B12+6 -> 46285 | D12: =IF(B12<대시보드!$B$13,"1단계: 일본어 집중준비",IF(B12<=대시보드!$B$14,"2단계: 부트캠프 병행","3단계: BJT/취업 스퍼트")) -> 1단계: 일본어 집중준비 | E12: =IF(B12<=대시보드!$B$16,대시보드!$B$17+(대시보드!$B$18-대시보드!$B$17)*(B12-대시보드!$B$12)/(대시보드!$B$16-대시보드!$B$12),대시보드!$B$18) -> 86.694268 | AA12: =COUNTIF(F12:L12,"O") -> 0 | AB12: =COUNTIF(M12:S12,"O") -> 0 | AC12: =COUNTIF(T12:Z12,"O") -> 0
A13: 9 | B13: =B12+7 -> 46286 | C13: =B13+6 -> 46292 | D13: =IF(B13<대시보드!$B$13,"1단계: 일본어 집중준비",IF(B13<=대시보드!$B$14,"2단계: 부트캠프 병행","3단계: BJT/취업 스퍼트")) -> 1단계: 일본어 집중준비 | E13: =IF(B13<=대시보드!$B$16,대시보드!$B$17+(대시보드!$B$18-대시보드!$B$17)*(B13-대시보드!$B$12)/(대시보드!$B$16-대시보드!$B$12),대시보드!$B$18) -> 85.936306 | AA13: =COUNTIF(F13:L13,"O") -> 0 | AB13: =COUNTIF(M13:S13,"O") -> 0 | AC13: =COUNTIF(T13:Z13,"O") -> 0
A14: 10 | B14: =B13+7 -> 46293 | C14: =B14+6 -> 46299 | D14: =IF(B14<대시보드!$B$13,"1단계: 일본어 집중준비",IF(B14<=대시보드!$B$14,"2단계: 부트캠프 병행","3단계: BJT/취업 스퍼트")) -> 1단계: 일본어 집중준비 | E14: =IF(B14<=대시보드!$B$16,대시보드!$B$17+(대시보드!$B$18-대시보드!$B$17)*(B14-대시보드!$B$12)/(대시보드!$B$16-대시보드!$B$12),대시보드!$B$18) -> 85.178344 | AA14: =COUNTIF(F14:L14,"O") -> 0 | AB14: =COUNTIF(M14:S14,"O") -> 0 | AC14: =COUNTIF(T14:Z14,"O") -> 0
A15: 11 | B15: =B14+7 -> 46300 | C15: =B15+6 -> 46306 | D15: =IF(B15<대시보드!$B$13,"1단계: 일본어 집중준비",IF(B15<=대시보드!$B$14,"2단계: 부트캠프 병행","3단계: BJT/취업 스퍼트")) -> 1단계: 일본어 집중준비 | E15: =IF(B15<=대시보드!$B$16,대시보드!$B$17+(대시보드!$B$18-대시보드!$B$17)*(B15-대시보드!$B$12)/(대시보드!$B$16-대시보드!$B$12),대시보드!$B$18) -> 84.420382 | AA15: =COUNTIF(F15:L15,"O") -> 0 | AB15: =COUNTIF(M15:S15,"O") -> 0 | AC15: =COUNTIF(T15:Z15,"O") -> 0
A16: 12 | B16: =B15+7 -> 46307 | C16: =B16+6 -> 46313 | D16: =IF(B16<대시보드!$B$13,"1단계: 일본어 집중준비",IF(B16<=대시보드!$B$14,"2단계: 부트캠프 병행","3단계: BJT/취업 스퍼트")) -> 1단계: 일본어 집중준비 | E16: =IF(B16<=대시보드!$B$16,대시보드!$B$17+(대시보드!$B$18-대시보드!$B$17)*(B16-대시보드!$B$12)/(대시보드!$B$16-대시보드!$B$12),대시보드!$B$18) -> 83.66242 | AA16: =COUNTIF(F16:L16,"O") -> 0 | AB16: =COUNTIF(M16:S16,"O") -> 0 | AC16: =COUNTIF(T16:Z16,"O") -> 0
A17: 13 | B17: =B16+7 -> 46314 | C17: =B17+6 -> 46320 | D17: =IF(B17<대시보드!$B$13,"1단계: 일본어 집중준비",IF(B17<=대시보드!$B$14,"2단계: 부트캠프 병행","3단계: BJT/취업 스퍼트")) -> 1단계: 일본어 집중준비 | E17: =IF(B17<=대시보드!$B$16,대시보드!$B$17+(대시보드!$B$18-대시보드!$B$17)*(B17-대시보드!$B$12)/(대시보드!$B$16-대시보드!$B$12),대시보드!$B$18) -> 82.904459 | AA17: =COUNTIF(F17:L17,"O") -> 0 | AB17: =COUNTIF(M17:S17,"O") -> 0 | AC17: =COUNTIF(T17:Z17,"O") -> 0
... A43: 39 | B43: =B42+7 -> 46496 | C43: =B43+6 -> 46502 | D43: =IF(B43<대시보드!$B$13,"1단계: 일본어 집중준비",IF(B43<=대시보드!$B$14,"2단계: 부트캠프 병행","3단계: BJT/취업 스퍼트")) -> 3단계: BJT/취업 스퍼트 | E43: =IF(B43<=대시보드!$B$16,대시보드!$B$17+(대시보드!$B$18-대시보드!$B$17)*(B43-대시보드!$B$12)/(대시보드!$B$16-대시보드!$B$12),대시보드!$B$18) -> 75 | AA43: =COUNTIF(F43:L43,"O") -> 0 | AB43: =COUNTIF(M43:S43,"O") -> 0 | AC43: =COUNTIF(T43:Z43,"O") -> 0

Sheet 월간마일스톤
A1: 월간 마일스톤 (참고용 로드맵)
A3: 기간 | B3: 단계 | C3: 핵심 목표 | D3: 세부 내용
A4: 2026.07.26 ~ 10.28 | B4: 1단계: 일본어 집중 준비 | C4: JLPT N3 합격 수준 확보 + 자바 기초 훑기 + 다이어트 시작 | D4: 매일 일본어 2~3시간(문법/어휘/청해/독해), 자바 문법 하루 1시간, 식단 조절+유산소(통학길 활용), 9월초 N3 모의고사로 자가진단
A5: 2026.10.29 ~ 2026.12.06 | B5: 1단계 마무리 | C5: JLPT N3 시험 응시 | D5: 글로벌인 부트캠프 개강과 겹치는 구간. 개강 초반 적응하면서 12/6 N3 시험 마무리 준비
A6: 2026.10.29 ~ 2027.03.30 | B6: 2단계: 부트캠프 병행 | C6: 자바 웹개발(Spring/DB) 학습 + 비즈니스 일본어로 전환 + 체중 목표 도달 | D6: 학원 커리큘럼(HTML/CSS/JS-Java-JSP-Spring-DB, 비즈니스 회화-IT일본어-면접일본어) 병행, 개인 일본어 공부 유지모드(주 5~7시간), 12/31까지 75kg 도달
A7: 2027.01 ~ 2027.02 | B7: 2단계 중반 | C7: BJT 예비(진단) 응시 | D7: 본 시험 전 CBT로 가볍게 응시해 부족한 파트 파악 (재응시는 3개월 뒤 가능하므로 일정 고려)
A8: 2027.03 ~ 2027.04 | B8: 3단계: BJT/취업 스퍼트 | C8: BJT 400점 이상 + 포트폴리오 정리 + 기업 지원 시작 | D8: 부트캠프 수료(3/30) 전후로 포트폴리오/이력서 정리, 이력서에 N3+BJT400 명시, Green/Wantedly/LAPRAS/Daijob 등으로 지원 시작
A9: 2027.04 ~ | B9: 4단계: 취업활동 | C9: 일본 IT 기업 취업 + 비자 절차 | D9: 글로벌인 기업매칭/면접 지원 활용, 기술·인문지식·국제업무 비자 절차 진행
A11: ※ 이 시트는 참고용 로드맵입니다. 실제 매일 체크는 '주간체크리스트' 시트에서 진행하세요.
